city,perc_first_dose,vax_rate,active_cases,active,city_rank,city_code,city_eng,Geoname ID,Name,Alternate Names,lat,long,Feature Class,Feature Code,Country Code,Country Code 2,Admin1 Code,Admin2 Code,Admin3 Code,Admin4 Code,Population,Elevation,DIgital Elevation Model,Timezone,Modification date,Country,Coordinates,...22,city2
ירכא,50.22,42.28,קטן מ-15,NA,2.2,502,YIRKA,293181,Yirkā,"Arki,Yarka,Yarkah,Yirka,Yirkā,yirekaʼ,yrka,yrka‎,יִרְכָּא,ירכא,يركا,يركا‎",32.95435,35.21197,P,PPL,IL,NA,03,NA,NA,NA,17003,NA,339,Asia/Jerusalem,2020-06-10T00:00:00Z,Israel,"32.95435, 35.21197",NA,Yirka
חורפיש,60.89,54.02,0,0.0,2,496,HURFEISH,294666,Ḥurfeish,"Hourfeich,Hurfaysh,Hurfeish,H̱urfeish,hrpys,hwrpys,חורפיש,חרפיש,Ḥurfeish",33.01711,35.34835,P,PPL,IL,NA,03,NA,NA,NA,5308,NA,657,Asia/Jerusalem,2020-06-10T00:00:00Z,Israel,"33.01711, 35.34835",NA,Hurfeish
עתלית,54.28,52.40,0,0.0,2,53,ATLIT,295613,Atlit,"Athlit,Atlit,`Athlit,`Athlith,`Atlit,עתלית,‘Athlīt,‘Athlīth,‘Atlit",32.68889,34.94236,P,PPL,IL,NA,04,NA,NA,NA,4500,NA,22,Asia/Jerusalem,2017-11-10T00:00:00Z,Israel,"32.68889, 34.94236",NA,Atlit
תל מונד,69.91,67.30,קטן מ-15,NA,2,154,TEL MOND,293354,Tel Mond,"Tel Mond,tl mwnd,תל מונד",32.24995,34.91737,P,PPL,IL,NA,02,NA,NA,NA,8725,NA,68,Asia/Jerusalem,2017-07-02T00:00:00Z,Israel,"32.24995, 34.91737",NA,Tel Mond
כפר ורדים,75.16,73.05,0,0.0,2.2,1263,KEFAR WERADIM,386445,Kefar Weradim,"Kefar Veradim,Kefar Weradim,Kfar Vradim,kpr wrdym,כפר ורדים",32.99385,35.27793,P,PPL,IL,NA,03,NA,NA,NA,5608,NA,629,Asia/Jerusalem,2018-04-15T00:00:00Z,Israel,"32.99385, 35.27793",NA,Kefar Weradim
סאג'ור,59.59,54.43,קטן מ-15,NA,5.3,525,SAJUR,293657,Sājūr,"Sajur,Sajūr,Shezor,Sājūr,sag'wr,sajwr,sajwr‎,sg'wr,סָג'וּר,סג’ור,ساجور,ساجور‎",32.94266,35.34136,P,PPL,IL,NA,03,NA,NA,NA,3547,NA,375,Asia/Jerusalem,2020-06-10T00:00:00Z,Israel,"32.94266, 35.34136",NA,Sajur
בית שמש,29.38,25.73,47,3.6,2.4,2610,BET SHEMESH,295432,Bet Shemesh,"Beit Semes,Beit Şemeș,Beit-Shemesh,Bejt-Shemesh,Bet Schemesch,Bet Shemesh,Betxemeix,Betxèmeix,Maabarat Hartuv,byt sms,Бейт-Шемеш,בית שמש",31.73072,34.99293,P,PPL,IL,NA,06,NA,NA,NA,67100,NA,282,Asia/Jerusalem,2017-07-02T00:00:00Z,Israel,"31.73072, 34.99293",NA,Bet Shemesh
כפר יונה,57.54,55.20,קטן מ-15,NA,1.5,168,KEFAR YONA,294492,Kefar Yona,"Kefar Yona,Kefar Yonah,Kfar Yona,kpr ywnh,כפר יונה",32.31669,34.93507,P,PPL,IL,NA,02,NA,NA,NA,21611,NA,59,Asia/Jerusalem,2017-07-02T00:00:00Z,Israel,"32.31669, 34.93507",NA,Kefar Yona
אבן יהודה,66.95,64.58,0,0.0,2,182,EVEN YEHUDA,295122,Even Yehuda,"Even Yahuda,Even Yehuda,Even Yehudah,ʼbn yhwdh,אבן יהודה",32.26959,34.88759,P,PPL,IL,NA,02,NA,NA,NA,15221,NA,49,Asia/Jerusalem,2017-07-02T00:00:00Z,Israel,"32.26959, 34.88759",NA,Even Yehuda
אעבלין,53.16,48.52,0,0.0,2,529,I'BILLIN,294663,I‘billīn,"Evlayim,I'billin,I`billin,I‘billīn,Oblin,אבלים,אעבלין",32.82233,35.19271,P,PPL,IL,NA,03,NA,NA,NA,13128,NA,148,Asia/Jerusalem,2020-06-10T00:00:00Z,Israel,"32.82233, 35.19271",NA,I'billin
טירת כרמל,64.17,61.11,קטן מ-15,NA,1.9,2100,TIRAT KARMEL,293308,Tirat Karmel,"At Tira,Tira,Tirah,Tirat Carmel,Tirat Hakarmel,Tirat Karmel,Tirat Karmel',Tirat KhaKarmel',Tire,tyrt krml,Тират Кармель,Тират ХаКармель,טירת כרמל",32.76021,34.97183,P,PPL,IL,NA,04,NA,NA,NA,18993,NA,47,Asia/Jerusalem,2017-07-05T00:00:00Z,Israel,"32.76021, 34.97183",NA,Tirat Karmel
שמשית,75.73,73.79,0,0.0,2,1337,SHIMSHIT,8264691,Shimshit,"Shimshit,simesiyt,smsyt,symsyt,שִׁמְשִׁית,שימשית,שמשית",32.73137,35.24409,P,PPL,IL,NA,03,NA,NA,NA,2547,NA,217,Asia/Jerusalem,2020-04-30T00:00:00Z,Israel,"32.73137, 35.24409",NA,Shimshit
שבלי - אום אל-גנם,59.54,53.74,קטן מ-15,NA,2,913,SHIBLI-UMM AL-GHANAM,12156807,Shibli–Umm al-Ghanam,"alshbly - am alghnm,sbly - ʼwm ʼl-gnm,sibeliy-ʼum ʼl-ʻa'nam,שִׁבְּלִי-אֻם אל-עַ'נַם,שבלי - אום אל-גנם,الشبلي - أم الغنم",32.68395,35.39621,P,PPL,IL,NA,03,NA,NA,NA,5995,NA,568,Asia/Jerusalem,2020-04-30T00:00:00Z,Israel,"32.68395, 35.39621",NA,Shibli-Umm al-Ghanam
חיפה,65.41,62.33,64,2.2,1.2,4000,HAIFA,294801,Haifa,"Aifa,Caiffa,Chaifa,HFA,Haifa,Hajfa,Hajfo,Hayfa,Haífa,Haïfa,Hefa,Heifa,Heifā,Hepha,Heyfa,H̱efa,Khajfa,Khajfae,Lungsod ng Hefa,Lungsod ng Ḥefa,ha'ipha,hai fa,haifa,haipa,haipha,hifa,hph,hyfa,hyph,jhfyt,kaihpa,khaipa,Ĥajfo,Χάιφα,Хайфæ,Хайфа,Хајфа,Հայֆա,חיפה,חפה,جحفية,حيفا,حیفا,حەیفا,ܚܝܦܐ,हाइफा,हैफ़ा,हैफा,கைஃபா,ಹೈಫ,ഹൈഫ,ไฮฟา,ხაიფა,Ḥeyfa,ハイファ,海法,하이파",32.81841,34.9885,P,PPLA,IL,NA,04,NA,NA,NA,267300,NA,40,Asia/Jerusalem,2019-09-05T00:00:00Z,Israel,"32.81841, 34.9885",NA,Haifa
נתניה,59.07,55.58,60,2.7,1.1,7400,NETANYA,294071,Netanya,"Lungsod ng Ntanya,Natania,Natanya,Nathanya,Netan'ja,Netania,Netanija,Netanja,Netanya,Netánja,Ntanya,na ta neiy,nattaniya,nei tan ya,netaniya,netanya,ntanya,ntnyh,Νετάνια,Нетания,Нетанья,Нетаня,Нетанія,Нетанја,נתניה,نتانيا,نتانیا,நத்தானியா,นาตาเนีย,ネタニヤ,内坦亚,네타냐",32.33291,34.85992,P,PPL,IL,NA,02,NA,NA,NA,171676,NA,38,Asia/Jerusalem,2019-09-05T00:00:00Z,Israel,"32.33291, 34.85992",NA,Netanya
פתח תקווה,62.87,59.43,65,2.6,2.2,7900,PETAH TIQWA,293918,Petaẖ Tiqwa,"Mulebbis,Petach Tikva,Petah Tikva,Petah Tikwah,Petah Tiqwa,Petaẖ Tikva,Petaẖ Tiqwa,Pethah Tiqva,Pethah Tiqvā,Tigrah,pth tqwh,pth tqwwh,pth tyqwh,pth tyqwwh,פתח תיקוה,פתח תיקווה,פתח תקוה,פתח תקווה",32.08707,34.88747,P,PPL,IL,NA,02,NA,NA,NA,200000,NA,54,Asia/Jerusalem,2020-06-10T00:00:00Z,Israel,"32.08707, 34.88747",NA,Petah Tiqwa
חורה,19.50,15.87,קטן מ-15,NA,2.2,1303,HURA,8374209,H̱ura,"Hura,H̱ura,H̱ūra,hwrh,hwrt‎,חורה,حورة‎",31.30084,34.93606,P,PPL,IL,NA,01,NA,NA,NA,21558,NA,425,Asia/Jerusalem,2020-04-24T00:00:00Z,Israel,"31.30084, 34.93606",NA,Hura
להבים,75.08,73.17,0,0.0,2.3,1271,LEHAVIM,6693244,Lehavim,"Lehavim,lhbym,להבים",31.37284,34.81619,P,PPL,IL,NA,01,NA,NA,NA,6000,260,317,Asia/Jerusalem,2017-07-02T00:00:00Z,Israel,"31.37284, 34.81619",NA,Lehavim
מג'דל שמס,56.35,48.11,קטן מ-15,NA,3.5,4201,MAJDAL SHAMS,167444,Majdal Shams,"Madzdal Sams,Madzdal Szams,Madzhdal'-Shams,Madżdal Szams,Madždal Šams,Majd el Chams,Majdal Shams,Majdal-esh-Shems,Majdel Chams,mage'dal sames,mg'dl sms,mgdl sms,mjdl alshms,mjdl shms,mjdl shms.‎,Мадждаль-Шамс,מַגְ'דַל שַׁמְס,מגדל שמס,מג’דל שמס,مجدل الشمس,مجدل شمس,مجدل شمس.‎",33.27029,35.7716,P,PPL,IL,NA,03,NA,NA,NA,11044,NA,1183,Asia/Jerusalem,2020-04-26T00:00:00Z,Israel,"33.27029, 35.7716",NA,Majdal Shams
רמת השרון,69.58,67.56,קטן מ-15,NA,0.7,2650,RAMAT HASHARON,293783,Ramat HaSharon,"'Ir Shalom,Ramat Ha-Sharon,Ramat HaSharon,Ramat Hasaronas,Ramat Hash Sharon,Ramat Hasharon,Ramat Hasjaron,Ramat Hašaronas,Ramat ha-Saron,Ramat ha-Szaron,Ramat ha-Xaron,Ramat ha-Šaron,Ramat haScharon,Ramat-kha-Sharon,la ma te sha long,lamateuhasyalon,ramat hasharwn,ramat-hasharoni,rmt hsharwn,rmt hsrwn,Рамат-ха-Шарон,רמת השרון,رامات هاشارون,رمت هشارون,رمت ہشارون,რამათ-ჰაშარონი,‘Ir Shalom,拉马特沙龙,라마트하샤론",32.14613,34.8394,P,PPL,IL,NA,05,NA,NA,NA,36137,NA,68,Asia/Jerusalem,2017-07-02T00:00:00Z,Israel,"32.14613, 34.8394",NA,Ramat HaSharon
שוהם,75.56,72.91,קטן מ-15,NA,2.3,1304,SHOHAM,8428283,Shoham,"Shoham,shm,swhm,שהם,שוהם",31.99866,34.94559,P,PPL,IL,NA,02,NA,NA,NA,20740,NA,82,Asia/Jerusalem,2018-12-04T00:00:00Z,Israel,"31.99866, 34.94559",NA,Shoham
ירוחם,55.73,52.26,0,0.0,2,831,YEROHAM,293203,Yeroẖam,"Kefar Yeroham,Kfar Yeroham,Yeroham,Yeroẖam,Yeruham,yrhm,yrwhm,ירוחם,ירחם",30.98822,34.93176,P,PPL,IL,NA,01,NA,NA,NA,8631,NA,499,Asia/Jerusalem,2020-06-10T00:00:00Z,Israel,"30.98822, 34.93176",NA,Yeroham
אשדוד,57.47,53.03,93,4.1,3.6,70,ASHDOD,295629,Ashdod,"Aschdod,Asdod,Asdodas,Asdode,Asdód,Ashdod,Ashdod Yam,Ashdod on the Sea,Asjdod,Asntont,Asot,Aszdod,Axdod,Azotus,Aŝdod,Aşdod,Ašdod,Ašdodas,Așdod,Ukreir,a shen du de,asdead,ashdodi,ashdwd,ashudoddo,astotu,asyudodeu,ʼsdwd,Ασντόντ,Ашдод,Աշդոդ,אשדוד,أشدود,اشدود,அஸ்தோது,അഷ്ദോദ്,აშდოდი,アシュドッド,阿什杜德,아슈도드",31.79213,34.64966,P,PPL,IL,NA,01,NA,NA,NA,224656,NA,27,Asia/Jerusalem,2020-10-24T00:00:00Z,Israel,"31.79213, 34.64966",NA,Ashdod
אופקים,51.53,47.27,קטן מ-15,NA,1.7,31,OFAQIM,293992,Ofaqim,"Ofakim,Ofaqim,Ofiqim,ʼwpqym,אופקים,אפקים",31.3141,34.62025,P,PPL,IL,NA,01,NA,NA,NA,24311,NA,137,Asia/Jerusalem,2017-07-02T00:00:00Z,Israel,"31.3141, 34.62025",NA,Ofaqim
ג'ת,53.16,46.93,קטן מ-15,NA,2.3,628,JATT,294630,Jatt,"Gat Carmel,Gat Karmel,Jatt,Tel Gat,g't,ga't,jt‎,tl gt,גַ'ת,ג’ת,תל גת,جت‎",32.39843,35.03933,P,PPL,IL,NA,04,NA,NA,NA,11798,NA,119,Asia/Jerusalem,2020-04-23T00:00:00Z,Israel,"32.39843, 35.03933",NA,Jatt
בית ג'ן,54.93,47.55,קטן מ-15,NA,2.4,480,BEIT JANN,295523,Beit Jann,"Bayt Jann,Beit Jan,Beit Jann,Bet Dagan,byt g'n,byt j,בית ג’ן,بيت ج",32.96464,35.38152,P,PPL,IL,NA,03,NA,NA,NA,10002,NA,923,Asia/Jerusalem,2020-04-22T00:00:00Z,Israel,"32.96464, 35.38152",NA,Beit Jann
כאבול,47.92,43.41,קטן מ-15,NA,1.8,504,KABUL,294615,Kābūl,"Kabul,Kavul,Kābūl,kabwl,kbwl,kʼbwl,כאבול,כבול,كابول",32.86856,35.21171,P,PPL,IL,NA,03,NA,NA,NA,9497,NA,92,Asia/Jerusalem,2020-06-10T00:00:00Z,Israel,"32.86856, 35.21171",NA,Kabul
כפר תבור,68.30,65.92,0,0.0,2,47,KEFAR TAVOR,294502,Kefar Tavor,"Kefar Tabor,Kefar Tavor,Kfar Tavor,Mas-ha,Mashah,kpr tbwr,כפר תבור",32.68655,35.42118,P,PPL,IL,NA,03,NA,NA,NA,2323,NA,118,Asia/Jerusalem,2012-01-18T00:00:00Z,Israel,"32.68655, 35.42118",NA,Kefar Tavor
סלמה,51.78,47.07,קטן מ-15,NA,2.4,1245,SALLAMA,386253,Sallama,"Sallama,slamt‎,slmh,wady slamh,wady slamt,סלמה,سلامة‎,وادي سلامة,وادي سلامه",32.89443,35.36931,P,PPL,IL,NA,03,NA,NA,NA,1800,NA,172,Asia/Jerusalem,2019-03-31T00:00:00Z,Israel,"32.89443, 35.36931",NA,Sallama
פסוטה,66.18,63.35,0,0.0,2,535,FASSUTA,295104,Fassūta,"Fassuta,Fassutah,Fassūta,Fassūṭā,Mafshatah,Mifshata,fswtt‎,mpsth,paswtah,pswth,מפשטה,פַסּוּטָה,פסוטה,فسوطة‎",33.04895,35.30893,P,PPL,IL,NA,03,NA,NA,NA,2985,NA,639,Asia/Jerusalem,2020-06-10T00:00:00Z,Israel,"33.04895, 35.30893",NA,Fassuta
אום בטין,10.69,7.83,0,0.0,2.3,1358,UMM BATIN,12156429,Umm Batin,"am btyn‎;,ʼwm btyn,אום בטין,أم بطين‎;",31.27735,34.88246,P,PPL,IL,NA,01,NA,NA,NA,4093,NA,311,Asia/Jerusalem,2020-04-21T00:00:00Z,Israel,"31.27735, 34.88246",NA,Umm Batin
בית שאן,65.16,60.23,קטן מ-15,NA,3.2,9200,BET SHE'AN,295435,Bet She’an,"Beisan,Beisān,Beit She'an,Beit Shean,Beit-Shean,Beith Shean,Beith Sheān,Bejt-Shean,Besan,Bet Sche'an,Bet Sche’an,Bet She'an,Bet Shean,Bet She’an,Bet Sze'an,Bet Sze’an,Bete-Sea,Bete-Seã,Beth Shan,Beth Shean,Beït Shéan,Beït-Shéan,Scythopolis,Skythopolis,bysan,byt sʼn,Бейт-Шеан,בית שאן,بيسان",32.49728,35.49632,P,PPL,IL,NA,03,NA,NA,NA,16800,NA,-121,Asia/Jerusalem,2020-06-10T00:00:00Z,Israel,"32.49728, 35.49632",NA,Bet She'an
אור יהודה,60.90,56.22,קטן מ-15,NA,2.9,2400,OR YEHUDA,293962,Or Yehuda,"Or Jehuda,Or Yehuda,Or Yehudah,Or Yehudà,Or-Jekhuda,Saqiya,Saqiyyah,Sāqiya,awr yhwda,oleuyehuda,or-iehuda,ʼwr yhwdh,Ор-Йехуда,אור יהודה,أور یهودا,اور یهودا,اور یہودا,ორ-იეჰუდა,オル・イェフダ,오르예후다",32.02923,34.85788,P,PPL,IL,NA,05,NA,NA,NA,30802,NA,33,Asia/Jerusalem,2017-07-05T00:00:00Z,Israel,"32.02923, 34.85788",NA,Or Yehuda
"בסמ""ה",50.52,45.04,קטן מ-15,NA,3,1326,BASMA,12156812,Basma,"bsmh,bsm\h,bsmt‎,בסמה,בסמ\ה,بسمة‎",32.52904,35.10059,P,PPL,IL,NA,04,NA,NA,NA,9779,NA,224,Asia/Jerusalem,2020-05-01T00:00:00Z,Israel,"32.52904, 35.10059",NA,Basma
חולון,62.83,59.82,41,2.1,0.9,6600,HOLON,294751,H̱olon,"Cholon,Holon,H̱olon,Jolon,Jolón,Kholon,hwlwn,Холон,חולון,حولون",32.01034,34.77918,P,PPL,IL,NA,05,NA,NA,NA,165787,NA,31,Asia/Jerusalem,2017-07-05T00:00:00Z,Israel,"32.01034, 34.77918",NA,Holon
אבטין,51.85,47.49,0,0.0,2,652,IBTIN,294661,Ibṭīn,"Beten,Ibtin,Ibṭin,Ibṭīn,אבטין",32.7615,35.11402,P,PPL,IL,NA,04,NA,NA,NA,2020,NA,93,Asia/Jerusalem,2020-06-10T00:00:00Z,Israel,"32.7615, 35.11402",NA,Ibtin
נצרת,54.80,49.02,40,5.1,2.4,7300,NAZARETH,294098,Nazareth,"En Nasira,En Nāsira,Lungsod ng Nazaret,Naatsaret,Nasaret,Nasira,Nasıra,Natserat,Natseret,Natsrat,Natséret,Natzaret,Nazara,Nazare,Nazaret,Nazaretas,Nazareth,Nazareto,Nazaré,Nazerat,Nazzerat,Naẕerat,Naẕẕerat,Nātsrat,alnasrh,alnasrt,na sa lei,nacarettu,nasales,nasrh,nasrt,nasrہ,nasrە,nasyrat,nazare,nazarې,nsrt,ntsrat,nzrt,Ναζαρέτ,Назарет,נצרת,الناصرة,الناصره,نازارې,ناسرە,ناصرة,ناصره,ناصرہ,ناصيرات,نتسرات,ܢܨܪܬ,நாசரேத்து,ナザレ,拿撒勒,나사렛",32.70056,35.29722,P,PPLA,IL,NA,03,NA,NA,NA,64800,NA,504,Asia/Jerusalem,2019-07-10T00:00:00Z,Israel,"32.70056, 35.29722",NA,Nazareth
גבעת אבני,77.69,74.66,0,0.0,2.3,1293,GIV'AT AVNI,8140105,Giv‘at Avni,"Giv'at Avni,Giv`at Avni,Giv‘at Avni,gibeʻat ʼabeniy,גִּבְעַת אַבְנִי,גבעת אבני",32.77682,35.43747,P,PPL,IL,NA,03,NA,NA,NA,1976,NA,284,Asia/Jerusalem,2020-04-23T00:00:00Z,Israel,"32.77682, 35.43747",NA,Giv'at Avni
טבריה,54.63,50.79,קטן מ-15,NA,1.1,6700,TIBERIAS,293322,Tiberias,"Tabariya,Tabariyeh,Tabariyyah,Tabarīya,Tevarya,Tevaryā,Teverya,Tiberiada,Tiberiade,Tiberiades,Tiberiado,Tiberias,Tiberija,Tiberijada,Tiberijas,Tiberiya,Tiberiàs,Tiberiás,Tiberya,Tiberíades,Tibériade,Tiveriada,Tiveriáda,Tubaria,Tverija,Tverja,Tverya,Tyberiada,tbrya,tbryh,tbryt,ti bi li ya,tibeliaseu,tiberia,tiperiyu,Τιβεριάδα,Τιβεριάς,Тверия,Тверія,Тиберия,Тиберијада,טבריה,طبريا,طبرية,طبریه,طبریہ,திபேரியு,ტიბერია,Ṭabariyyah,ティベリア,提比里亞,티베리아스",32.79221,35.53124,P,PPL,IL,NA,03,NA,NA,NA,39790,NA,-140,Asia/Jerusalem,2017-07-02T00:00:00Z,Israel,"32.79221, 35.53124",NA,Tiberias
ראשון לציון,66.30,63.36,25,1.0,0.2,8300,RISHON LEZIYYON,293703,Rishon LeẔiyyon,"Ayun Kara,Le Tsiyon,Le Tsīyōn,Richon le Sion,Rischon LeZion,Rishon Le Zion,Rishon LeTsiyyon,Rishon LeZion,Rishon LeZiyyon,Rishon Letsiyon,Rishon LeẔiyyon,Rishon Lsiyon,Rishon le Siyon,Rishon le Ziyon,Rishon-le-Cion,Risjon Letsion,Rison-Le-Ciono,Riszon le-Cijjon,Riŝon-Le-Ciono,`Uyun Qara,rʼswn lzywn,Ришон-ле-Цион,ראשון לציון,‘Uyūn Qāra",31.97102,34.78939,P,PPL,IL,NA,02,NA,NA,NA,220492,NA,56,Asia/Jerusalem,2020-06-10T00:00:00Z,Israel,"31.97102, 34.78939",NA,Rishon LeZiyyon
טמרה,52.63,46.85,19,5.5,3.7,8900,TAMRA,293426,Tamra,"Tamra,Tamrah,Temarah,ta mu la,tamra,tmrh,tmrt,Тамра,טמרה,תמרה,طمرة,طمره,طمرہ,தம்ரா,ტამრა,塔姆拉",32.85301,35.1987,P,PPL,IL,NA,03,NA,NA,NA,25917,NA,92,Asia/Jerusalem,2019-03-30T00:00:00Z,Israel,"32.85301, 35.1987",NA,Tamra
זמר,53.07,46.89,קטן מ-15,NA,2.8,1290,ZEMER,8142386,Zemer,"Zemer,zmr,zmr‎,zymr‎,זמר,זמר‎,زيمر‎",32.36658,35.03312,P,PPL,IL,NA,02,NA,NA,NA,6940,NA,89,Asia/Jerusalem,2020-04-24T00:00:00Z,Israel,"32.36658, 35.03312",NA,Zemer
מבשרת ציון,68.62,65.51,קטן מ-15,NA,1.9,1015,MEVASSERET ZIYYON,294245,Mevasseret Ẕiyyon,"Ma'oz Tsiyon,Ma’oz Tsiyon,Mevaseret Zion,Mevasseret Ziyyon,Mevasseret Ẕiyyon,MevasseretTsiyyon,mbsrt zywn,מבשרת ציון",31.80186,35.15072,P,PPL,IL,NA,06,NA,NA,NA,24409,NA,711,Asia/Jerusalem,2020-06-10T00:00:00Z,Israel,"31.80186, 35.15072",NA,Mevasseret Ziyyon
אכסאל,54.94,49.15,קטן מ-15,NA,2.1,478,IKSAL,294658,Iksāl,"Iksal,Iksāl,Kessulot,Kesulot,Kislot Tavor,aksal,aksal‎,kslwt tbwr,אכסל,כסלות תבור,إكسال‎,اكسال",32.68164,35.32365,P,PPL,IL,NA,03,NA,NA,NA,11398,NA,160,Asia/Jerusalem,2020-06-10T00:00:00Z,Israel,"32.68164, 35.32365",NA,Iksal
רומת הייב,43.51,37.55,0,0.0,2,997,RUMAT HEIB,386194,Rumat Heib,"Rumat Heib,Rumat al-Heib,Rūmat Heib,rumt alhayb‎,rwmt hyb,rwmt ʼl-hyyb,רומת אל-הייב,רומת היב,رُمة الهـَيـْب‎",32.77802,35.30571,P,PPL,IL,NA,03,NA,NA,NA,1588,NA,221,Asia/Jerusalem,2020-05-01T00:00:00Z,Israel,"32.77802, 35.30571",NA,Rumat Heib
יבנה,58.39,54.99,קטן מ-15,NA,2.8,2660,YAVNE,293222,Yavné,"Jamnia,Javne,Javnė,Jawne,Kefar Yavne,Kfar Yavne,Kfar Yavneh,New Yavne,Yamnia,Yavne,Yavné,ya fu nei,yabeune,yabune,ybnh,Явне,יבנה,یبنه,ヤブネ,亞夫內,야브네",31.87808,34.73983,P,PPL,IL,NA,02,NA,NA,NA,31774,NA,37,Asia/Jerusalem,2017-11-10T00:00:00Z,Israel,"31.87808, 34.73983",NA,Yavne
אלעד,24.86,20.53,קטן מ-15,NA,2.3,1309,EL'AD,8428480,El‘ad,"El`ad,El‘ad,ʼlʻd,אלעד",32.04984,34.95382,P,PPL,IL,NA,02,NA,NA,NA,47866,NA,134,Asia/Jerusalem,2020-04-21T00:00:00Z,Israel,"32.04984, 34.95382",NA,El'ad
יד בנימין,41.73,38.93,קטן מ-15,NA,2,577,YAD BINYAMIN,293262,Yad Binyamin,"Merkaz Hanukhi,Merkaz H̱anukhi,Netiva,Yad Binyamin,mrkz hnwky,yad bineyamiyn,yd bnymyn,יַד בִּנְיָמִין,יד בנימין,מרכז חנוכי",31.7974,34.82083,P,PPL,IL,NA,02,NA,NA,NA,4175,NA,73,Asia/Jerusalem,2020-04-25T00:00:00Z,Israel,"31.7974, 34.82083",NA,Yad Binyamin
בת חפר,74.23,71.45,0,0.0,2,1319,BAT HEFER,8141252,Bat H̱efer,"Bat Hefer,Bat H̱efer,bat heper,bt hpr,בַּת חֵפֶר,בת חפר",32.33307,35.01272,P,PPL,IL,NA,02,NA,NA,NA,5342,NA,54,Asia/Jerusalem,2020-10-12T00:00:00Z,Israel,"32.33307, 35.01272",NA,Bat Hefer
זכרון יעקב,64.61,62.12,קטן מ-15,NA,1.4,9300,ZIKHRON YA'AQOV,293067,Zikhron Ya‘aqov,"Zamarin,Zammarin,Zammārīn,Zicron Jacob,Zikeron Ya`akob,Zikeron Ya‘akob,Zikhron,Zikhron Ya'akov,Zikhron Ya'aqov,Zikhron Ya`aqov,Zikhron Ya‘aqov,zikerwon yaʻaqob,זִכְרוֹן יַעֲקֹב,זכרון יעקב",32.56645,34.95628,P,PPL,IL,NA,04,NA,NA,NA,23075,NA,164,Asia/Jerusalem,2020-06-10T00:00:00Z,Israel,"32.56645, 34.95628",NA,Zikhron Ya'aqov
נופית,76.00,74.04,0,0.0,2,1284,NOFIT,8265522,Nofit,"Nofit,Pi Ner,nwopiyt,nwpyt,py nr,נוֹפִית,נופית,פי נר",32.76226,35.1477,P,PPL,IL,NA,04,NA,NA,NA,2672,NA,209,Asia/Jerusalem,2020-04-27T00:00:00Z,Israel,"32.76226, 35.1477",NA,Nofit
נאעורה,57.57,53.39,קטן מ-15,NA,4.1,524,NA'URA,294099,Nā‘ūra,": naʿwrt‎,: ناعورة‎,Na`ura,Na`urah,Naura,Na‘urah,Na‘ūra,Ne`oran,Ne‘oran,Nā‘ūra,naʻwrah,נָעוּרָה,נעורה",32.61403,35.39168,P,PPL,IL,NA,03,NA,NA,NA,2277,NA,113,Asia/Jerusalem,2020-04-27T00:00:00Z,Israel,"32.61403, 35.39168",NA,Na'ura
נעלה,49.89,47.36,0,0.0,2,3787,NA'ALE,8199389,Na'ale,"Naale,naʻaleh,נַעֲלֶה,נעלה",31.96236,35.06553,P,PPL,IL,IL,NA,NA,NA,NA,1035,420,392,Asia/Jerusalem,2020-04-28T00:00:00Z,Israel,"31.96236, 35.06553",NA,Na'ale
רמת גן,63.82,61.35,23,1.4,1.8,8600,RAMAT GAN,293788,Ramat Gan,"Gan,Ramat Gan,Ramat Ganas,Ramat Nkan,Ramat-Gan,Ramat-Qan,la ma gan,lamateugan,ramat-gani,rmat ghan,rmt ghan,rmt gn,Ραμάτ Γκαν,Рамат Ган,Рамат-Ган,רמת גן,رمات غان,رمت غان,رمت گن,რამათ-განი,ラマト・ガン,拉馬干,라마트간",32.08227,34.81065,P,PPL,IL,NA,05,NA,NA,NA,128095,NA,57,Asia/Jerusalem,2019-09-05T00:00:00Z,Israel,"32.08227, 34.81065",NA,Ramat Gan
הר אדר,73.88,71.69,0,0.0,2,3769,HAR ADAR,282582,Har Adar,"Har Adar,Khirbat Najm,Khirbat en Nijam,hr ʼdr,הר אדר",31.82754,35.13093,P,STLMT,IL,NA,06,NA,NA,NA,3300,880,866,Asia/Jerusalem,2018-12-03T00:00:00Z,Israel,"31.82754, 35.13093",NA,Har Adar
גדרה,56.97,54.28,קטן מ-15,NA,1,2550,GEDERA,295064,Gedera,"Gedera,Gederah,Guedera,Guederà,gai dai la,gdra,gdrh,gedela,ghdyra,Гедера,גדרה,غديرا,گدرا,盖代拉,게데라",31.81456,34.77998,P,PPL,IL,NA,02,NA,NA,NA,26217,NA,64,Asia/Jerusalem,2017-07-02T00:00:00Z,Israel,"31.81456, 34.77998",NA,Gedera
מעגן מיכאל,63.44,61.76,0,0.0,2,694,MA'AGAN MIKHA'EL,294410,Ma‘agan Mikha’el,"Hatsofim Alef,Ma`agan Mikha'el,Ma`gan Mikhael,Maagan Michael,Ma‘agan Mikha’el,Ma‘gan Mikhael,maʻagan miykaʼel,mʻgn mykʼl,מַעֲגַן מִיכָאֵל,מעגן מיכאל",32.55549,34.91638,P,PPL,IL,NA,04,NA,NA,NA,1992,NA,23,Asia/Jerusalem,2020-11-23T00:00:00Z,Israel,"32.55549, 34.91638",NA,Ma'agan Mikha'el
הוד השרון,66.18,64.02,קטן מ-15,NA,1.8,9700,HOD HASHARON,294760,Hod HaSharon,"God-ga-Sharon,Hada Ramatayim,Hadar Ramataim,Hadar Ramatayim,Hod HaSaron,Hod HaSharon,Hod Hasharon,Hod Hasjaron,Hod HaŞaron,Hod HaȘaron,Hod ha-Saron,Hod ha-Szaron,Hod ha-Šaron,Hod haScharon,Khod Khasharon,Khod-kha-Sharon,Ramatayim,huo de xia sha long,hwd hsharwn,hwd hsrwn,Год-га-Шарон,Ход Хашарон,Ход-ха-Шарон,הוד השרון,חוד השרון,هود هشارون,ہود ہشارون,霍德夏沙隆",32.15934,34.8932,P,PPL,IL,NA,02,NA,NA,NA,43185,NA,57,Asia/Jerusalem,2017-07-02T00:00:00Z,Israel,"32.15934, 34.8932",NA,Hod HaSharon
שפרעם,55.95,51.18,קטן מ-15,NA,1.6,8800,SHEFAR'AM,293539,Shefar‘am,"Shafa `Amr,Shafa ‘Amr,Shefa-'Amr,Shefar`am,Shefar‘am,Shfar'am,Shfar’am,separeʻam,shfa ʿmrw,shfaʿmrw,shfaʿmrw‎,שְׁפַרְעָם,שפרעם,شفا عمرو,شفاعمرو,شفاعمرو‎",32.80583,35.16895,P,PPL,IL,NA,03,NA,NA,NA,41558,NA,137,Asia/Jerusalem,2020-04-30T00:00:00Z,Israel,"32.80583, 35.16895",NA,Shefar'am
בת ים,64.24,60.44,33,2.6,1.2,6200,BAT YAM,295548,Bat Yam,"Bat Jam,Bat Jamas,Bat Yam,Bat-Jam,ba te ya mu,bat yam,bat-iami,bateuyam,bt yam,bt ym,Бат Јам,Бат Ям,Бат-Ям,בת ים,بات يام,بات یام,بت یام,ბათ-იამი,バト・ヤム,巴特亚姆,바트얌",32.02379,34.75185,P,PPL,IL,NA,05,NA,NA,NA,128979,NA,32,Asia/Jerusalem,2017-07-02T00:00:00Z,Israel,"32.02379, 34.75185",NA,Bat Yam
יהוד,67.81,64.76,קטן מ-15,NA,1.9,9400,YEHUD,293207,Yehud,"Al Yahudiya,El Yehudiye,El Yehūdīye,Jekhud,Kefar Yehud,Yahud,Yahudiya,Yahudiyyah,Yahūdīya,Yehud,Yehudie,Yhud,`Abbasiya,yhwd,Йехуд,יהוד,‘Abbāsīya",32.03317,34.89091,P,PPL,IL,NA,02,NA,NA,NA,25600,NA,44,Asia/Jerusalem,2017-07-02T00:00:00Z,Israel,"32.03317, 34.89091",NA,Yehud
רמת ישי,67.93,66.02,קטן מ-15,NA,2,122,RAMAT YISHAY,293773,Ramat Yishay,"Jadah,Jeida,Ramat Yishai,Ramat Yishay,rmt ysy,רמת ישי",32.70444,35.1707,P,PPL,IL,NA,03,NA,NA,NA,5431,NA,98,Asia/Jerusalem,2017-07-02T00:00:00Z,Israel,"32.70444, 35.1707",NA,Ramat Yishay
באר יעקב,52.65,49.58,קטן מ-15,NA,1.8,2530,BE'ER YA'AQOV,295525,Be’er Ya‘aqov,"Be'er Ya`akov,Be'er Ya`aqov,Beryacob,Be’er Ya‘akov,Be’er Ya‘aqov,Bir Jacob,Khirbet Ibyar el Leimun,Khirbet Ibyār el Leimūn,bʼr yʻqb,באר יעקב",31.93864,34.83749,P,PPL,IL,NA,02,NA,NA,NA,26122,NA,74,Asia/Jerusalem,2020-06-10T00:00:00Z,Israel,"31.93864, 34.83749",NA,Be'er Ya'aqov
ערד,63.95,58.33,קטן מ-15,NA,1.8,2560,ARAD,295657,Arad,"Arad,`Arad,ʻarad,ʻrd,Арад,עֲרָד,ערד,‘Arad",31.25882,35.21282,P,PPL,IL,NA,01,NA,NA,NA,23700,NA,613,Asia/Jerusalem,2020-06-10T00:00:00Z,Israel,"31.25882, 35.21282",NA,Arad
"כפר חב""ד",37.43,32.67,קטן מ-15,NA,3.7,696,KEFAR HABAD,294545,Kefar H̱abad,"Kefar Habad,Kefar Habbad,Kefar H̱abad,Kefar H̱abbad,Kfar Chabad,Kfar Habad,kepar habad,kpr hb''d,כְּפַר חַבָּד,כפר חב’’ד",31.98793,34.8516,P,PPL,IL,NA,02,NA,NA,NA,4771,NA,43,Asia/Jerusalem,2020-06-10T00:00:00Z,Israel,"31.98793, 34.8516",NA,Kefar Habad
רחובות,59.15,56.18,24,1.6,1.3,8400,REHOVOT,293725,Reẖovot,"Khirbet Deiran,Khirbet Deirān,Rechovot,Rechowot,Rehobot,Rehovot,Rehovoth,Rejovot,Reẖovot,Rhovot,Ruhaybah,rekhovot,rhwbwt,Реховот,רחובות",31.89421,34.81199,P,PPL,IL,NA,02,NA,NA,NA,132671,NA,47,Asia/Jerusalem,2020-06-10T00:00:00Z,Israel,"31.89421, 34.81199",NA,Rehovot
מבוא חורון,37.23,34.77,0,0.0,2,3709,MEVO HORON,8199385,Mevo horon,"mebwoʼ hworwon,מְבוֹא חוֹרוֹן,מבוא חורון",31.84876,35.03583,P,PPL,IL,IL,NA,NA,NA,NA,1771,250,258,Asia/Jerusalem,2020-04-26T00:00:00Z,Israel,"31.84876, 35.03583",NA,Mevo horon
גן נר,74.41,71.67,0,0.0,2,1274,GAN NER,8340977,Gan Ner,"Gan Ner,gan ner,gn nr,גַּן נֵר,גן נר",32.53106,35.3377,P,PPL,IL,NA,03,NA,NA,NA,2704,NA,157,Asia/Jerusalem,2020-04-23T00:00:00Z,Israel,"32.53106, 35.3377",NA,Gan Ner
מזכרת בתיה,67.71,65.17,קטן מ-15,NA,1.8,28,MAZKERET BATYA,294303,Mazkeret Batya,"'Eqron,Ekron,Mazkeret Batya,Mazkeret Batyah,mzkrt btyh,מזכרת בתיה,‘Eqrōn",31.85357,34.84646,P,PPL,IL,NA,02,NA,NA,NA,8034,NA,75,Asia/Jerusalem,2017-07-02T00:00:00Z,Israel,"31.85357, 34.84646",NA,Mazkeret Batya
עפולה,59.20,55.83,קטן מ-15,NA,0.8,7700,AFULA,295740,Afula,"'Afula,Affula,Afula,Afule,Afuli,El 'Affule,El ‘Affūle,ʻpwlh,עפולה,‘Afula",32.60907,35.2892,P,PPL,IL,NA,03,NA,NA,NA,44930,NA,62,Asia/Jerusalem,2017-07-03T00:00:00Z,Israel,"32.60907, 35.2892",NA,Afula
גן יבנה,63.21,60.17,קטן מ-15,NA,1.3,166,GAN YAVNE,295080,Gan Yavne,"Gan Yavne,Gan Yavneh,gn ybnh,גן יבנה",31.78737,34.70659,P,PPL,IL,NA,02,NA,NA,NA,22453,NA,52,Asia/Jerusalem,2017-07-02T00:00:00Z,Israel,"31.78737, 34.70659",NA,Gan Yavne
גבעת ברנר,61.24,59.70,0,0.0,2,147,GIV'AT BRENNER,294998,Giv‘at Brenner,"Giv`at Brenner,Giv`at-Brener,Givat Brenner,Giv‘at Brenner,Giv‘at-Brener,gbʻt brnr,ghfʿat brynr‎,gibeʻat berener,גִּבְעַת בְּרֶנֶר,גבעת ברנר,غفعات برينر‎",31.86684,34.80097,P,PPL,IL,NA,02,NA,NA,NA,2703,NA,78,Asia/Jerusalem,2020-04-23T00:00:00Z,Israel,"31.86684, 34.80097",NA,Giv'at Brenner
תפרח,30.27,23.32,קטן מ-15,NA,2,709,TIFRAH,293319,Tifraẖ,"Tifrah,Tifraẖ,tiperah,tprh,תִּפְרַח,תפרח",31.32657,34.67689,P,PPL,IL,NA,01,NA,NA,NA,2163,NA,156,Asia/Jerusalem,2020-04-30T00:00:00Z,Israel,"31.32657, 34.67689",NA,Tifrah
בית חשמונאי,66.88,64.50,0,0.0,2,1050,BET HASHMONAY,390265,Bet H̱ashmonay,"Beit Hashmonai,Bet Hashmonay,Bet H̱ashmonay,byt hsmwnʼy,בית השמונאי,בית חשמונאי",31.88969,34.91673,P,PPL,IL,NA,02,NA,NA,NA,2190,NA,110,Asia/Jerusalem,2020-04-22T00:00:00Z,Israel,"31.88969, 34.91673",NA,Bet Hashmonay
כוכב יאיר,83.66,81.43,0,0.0,2,1224,KOKHAV YA'IR,8141161,Kokhav Ya’ir,"Kochav Yair-Tzur Yigal,Kochav Yair–Tzur Yigal,Kokhav Ya'ir,Kokhav Ya'ir-Tzur Yig'al,Kokhav Ya'ir–Tzur Yig'al,Kokhav Ya’ir,kwkb yʼyr-zwr ygʼl,kwokab yaʼiyr-zwr yigeʼal,כּוֹכַב יָאִיר-צוּר יִגְאָל,כוכב יאיר,כוכב יאיר-צור יגאל",32.22623,35.00222,P,PPL,IL,NA,02,NA,NA,NA,8773,NA,92,Asia/Jerusalem,2020-11-23T00:00:00Z,Israel,"32.22623, 35.00222",NA,Kokhav Ya'ir
ניצן,54.81,50.79,קטן מ-15,NA,4.3,351,NIZZAN,294539,Niẕẕan,"Dohan,Doẖan,Kefar HaNo`ar Nizzanim,Kefar HaNo‘ar Niẕẕanim,Nizzan,Niẕẕan,dhn,nyzn,nzn,דחן,כפר הנוער ניצנים,ניצן,נצן",31.73854,34.62985,P,PPL,IL,NA,01,NA,NA,NA,2343,NA,46,Asia/Jerusalem,2020-05-03T00:00:00Z,Israel,"31.73854, 34.62985",NA,Nizzan
אזור,56.69,53.70,קטן מ-15,NA,1.9,565,AZOR,295584,Azor,"Azor,Azur,Yazir,Yazor,Yazur,Yāzūr,azwr,ʼzwr,אזור,آزور,أزور",32.0243,34.80632,P,PPL,IL,NA,05,NA,NA,NA,16201,NA,25,Asia/Jerusalem,2020-01-24T00:00:00Z,Israel,"32.0243, 34.80632",NA,Azor
לוד,52.19,47.20,30,3.7,0.9,7000,LOD,294421,Lod,"Lida,Lidd,Lod,Lodas,Lont,Lud,Ludd,Lydda,Lūd,alld,lad,ld,lodeu,lodi,lu de,ludd,lwd,rodo,Λοντ,Лод,לד,לוד,اللد,لاد,لد,ലുദ്ദ്,ლოდი,ロード,卢德,로드",31.9467,34.8903,P,PPL,IL,NA,02,NA,NA,NA,66589,NA,68,Asia/Jerusalem,2017-08-29T00:00:00Z,Israel,"31.9467, 34.8903",NA,Lod
רכסים,31.37,26.22,קטן מ-15,NA,1.9,922,REKHASIM,293721,Rekhasim,"Rekhasim,rksym,רכסים",32.74907,35.09901,P,PPL,IL,NA,04,NA,NA,NA,10682,NA,43,Asia/Jerusalem,2017-07-02T00:00:00Z,Israel,"32.74907, 35.09901",NA,Rekhasim
טלמון,44.35,42.07,קטן מ-15,NA,2.7,3788,TALMON,8199392,Talmon,"talemwon,tlmwn,טַלְמוֹן,טלמון",31.93927,35.13539,P,PPL,IL,IL,NA,NA,NA,NA,2797,560,561,Asia/Jerusalem,2020-04-24T00:00:00Z,Israel,"31.93927, 35.13539",NA,Talmon
צור הדסה,48.20,45.92,קטן מ-15,NA,2.1,1113,ZUR HADASSA,293020,Ẕur Hadassa,"Tsur Hadassa,Zur Hadassa,zwr hdsh,צור הדסה,Ẕur Hadassa",31.71912,35.09708,P,PPL,IL,NA,06,NA,NA,NA,4700,NA,756,Asia/Jerusalem,2020-10-12T00:00:00Z,Israel,"31.71912, 35.09708",NA,Zur Hadassa
אחוזת ברק,69.47,66.47,0,0.0,2,1330,AHUZZAT BARAQ,8139973,Aẖuzzat Baraq,"Ahuzat Barak,Ahuzzat Baraq,Aẖuzzat Baraq,ʼhwzt brq,אחוזת ברק,אחזת ברק",32.64187,35.33834,P,PPL,IL,NA,03,NA,NA,NA,2256,NA,161,Asia/Jerusalem,2020-04-21T00:00:00Z,Israel,"32.64187, 35.33834",NA,Ahuzzat Baraq
דייר חנא,56.14,50.26,קטן מ-15,NA,2,492,DEIR HANNA,295339,Deir Ḥannā,"Dayr Hannah,Deir Hanna,Deir H̱anna,Deir Ḥannā,Kefar Yohanah,deyr hanaʼ,dyr hna‎,דֵיר חַנָּא,דיר חנא,دير حنا‎",32.86196,35.36365,P,PPL,IL,NA,03,NA,NA,NA,8417,NA,289,Asia/Jerusalem,2020-06-10T00:00:00Z,Israel,"32.86196, 35.36365",NA,Deir Hanna
חדרה,60.85,57.54,קטן מ-15,NA,0.2,6500,HADERA,294946,Hadera,"Chadera,El Khudeira,Hadera,Haderah,Hadeyra,Hedora,Hudeira,H̱adera,Khadera,Khederah,hdrh,Хадера,חדרה",32.44192,34.9039,P,PPL,IL,NA,04,NA,NA,NA,75854,NA,13,Asia/Jerusalem,2017-07-02T00:00:00Z,Israel,"32.44192, 34.9039",NA,Hadera
כרמיאל,67.46,64.49,קטן מ-15,NA,0.7,1139,KARMI'EL,294577,Karmi’el,"Carmiel,Karmi'el,Karmiehl',Karmiel,Karmi’el,Qiryat Karmiel,krmyʼl,Кармиэль,כרמיאל",32.91708,35.30501,P,PPL,IL,NA,03,NA,NA,NA,44382,NA,233,Asia/Jerusalem,2020-06-10T00:00:00Z,Israel,"32.91708, 35.30501",NA,Karmi'el
זרזיר,49.82,45.22,קטן מ-15,NA,2,975,ZARZIR,8264669,Zarzir,"Beit Zarzir,Zarzir,zarazir,zrazyr,zrzyr,זרזיר,زرازير,زرزير,زَرَازِير",32.72754,35.21381,P,PPL,IL,NA,03,NA,NA,NA,7942,NA,178,Asia/Jerusalem,2020-04-24T00:00:00Z,Israel,"32.72754, 35.21381",NA,Zarzir
רהט,34.51,28.55,85,11.5,3.7,1161,RAHAT,8184212,Rahat,"Rahat,Rakhat,alkhdraʾ,la ha te,raht,rht,Рахат,רהט,רהת,الخضراء,راهط,رهط,رہط,რაჰატი,拉哈特",31.39547,34.75699,P,PPL,IL,NA,01,NA,NA,NA,19586,NA,228,Asia/Jerusalem,2019-05-04T00:00:00Z,Israel,"31.39547, 34.75699",NA,Rahat
רמלה,55.37,50.27,17,2.2,1.5,8500,RAMLA,293768,Ramla,"Er Ramle,Ramla,Ramle,Ramlo,alrmlt,la mu la,lameulla,ramla,ramura,rmlh,Рамла,רמלה,الرملة,رمله,رملہ، اسرائیل,ラムラ,拉姆拉,라믈라",31.92923,34.86563,P,PPLA,IL,NA,02,NA,NA,NA,63860,NA,83,Asia/Jerusalem,2017-07-05T00:00:00Z,Israel,"31.92923, 34.86563",NA,Ramla
יבנאל,33.65,30.85,קטן מ-15,NA,3.2,46,YAVNE'EL,293220,Yavne’el,"Bayt Jinn,Beit Gan,Beith Gan,Bet Gan,Bethgan,Kefar Yamma,Mishmar HaShelosha,Mishmar Hasheloshah,Mishmar Hashloshah,Yabneel,Yabniel,Yamah,Yamma,Yavne'el,Yavne’el,Yavni'el,Yavniel,Yavni’el,byt gn,msmr hslwsh,ybnʼl,בית גן,יבנאל,משמר השלושה",32.70619,35.50435,P,PPL,IL,NA,03,NA,NA,NA,2900,NA,-18,Asia/Jerusalem,2020-11-18T00:00:00Z,Israel,"32.70619, 35.50435",NA,Yavne'el
נשר,66.06,63.39,קטן מ-15,NA,2.5,2500,NESHER,294078,Nesher,"Neixer,Nescher,Neser,Neseras,Nesher,Neszer,Nešer,Nešeras,nei xie er,nsr,nyshr,nyshyr,Нешер,נשר,نيشير,نیشر,内谢尔",32.76622,35.04425,P,PPL,IL,NA,04,NA,NA,NA,21245,NA,125,Asia/Jerusalem,2017-07-02T00:00:00Z,Israel,"32.76622, 35.04425",NA,Nesher
כוכב השחר,45.46,42.55,קטן מ-15,NA,2.7,3564,KOKHAV HASHAHAR,283047,Kokhav HaShaẖar,"Kochav HaShachar,Kochav Shachar,Kokhav HaShahar,Kokhav HaShaẖar,Nahal Kochav Hashahar,kwkb hshr,kwokab hasahar,כּוֹכַב הַשַּׁחַר,כוכב השחר",31.96028,35.34923,P,STLMT,IL,NA,06,NA,NA,NA,2122,NA,605,Asia/Jerusalem,2020-04-25T00:00:00Z,Israel,"31.96028, 35.34923",NA,Kokhav HaShahar
שתולים,59.82,56.00,0,0.0,2,763,SHETULIM,293508,Shetulim,"Bitaniya Haderomit,Bitaniyah Hadromit,Bitanya Ha-Deromit,Shetulim,bytnyh hdrwmyt,setwliym,stwlym,ביתניה הדרומית,שְׁתוּלִים,שתולים",31.77354,34.68388,P,PPL,IL,NA,01,NA,NA,NA,2054,NA,27,Asia/Jerusalem,2020-05-03T00:00:00Z,Israel,"31.77354, 34.68388",NA,Shetulim
יאנוח-ג'ת,55.73,49.49,קטן מ-15,NA,2,1295,YANUH-JAT,12156671,Yanuh-Jat,"yanwh-jt‎,yʼnwh-g't,יאנוח-ג'ת,يانوح-جت‎",32.98515,35.2491,P,PPL,IL,NA,03,NA,NA,NA,6614,NA,444,Asia/Jerusalem,2020-04-24T00:00:00Z,Israel,"32.98515, 35.2491",NA,Yanuh-Jat
שלומי,62.53,59.72,0,0.0,2,812,SHELOMI,293522,Shelomi,"Chelomi,Shelomi,Shlomi,slwmy,שלומי",33.07216,35.14452,P,PPL,IL,NA,03,NA,NA,NA,5608,NA,82,Asia/Jerusalem,2017-07-02T00:00:00Z,Israel,"33.07216, 35.14452",NA,Shelomi
ג'ולס,63.13,56.99,קטן מ-15,NA,2.1,485,JULIS,294620,Jūlis,"Gulis,Julis,Jūlis,g'wlis,g'wls,jwls‎,Ğulis,ג'וּלִס,ג’ולס,جولس‎",32.94267,35.18278,P,PPL,IL,NA,03,NA,NA,NA,6375,NA,105,Asia/Jerusalem,2020-04-23T00:00:00Z,Israel,"32.94267, 35.18278",NA,Julis
אליכין,63.30,60.07,0,0.0,2.5,41,ELYAKHIN,295232,Elyakhin,"Elyakhin,Khirbat Zalafa,Ma'abara Merkazit Emeq Hefer,Ma’abara Merkazit Emeq H̱efer,אליכין",32.40793,34.92433,P,PPL,IL,NA,02,NA,NA,NA,2728,NA,36,Asia/Jerusalem,2012-01-18T00:00:00Z,Israel,"32.40793, 34.92433",NA,Elyakhin
מעגלים,47.87,43.80,0,0.0,2,1082,MA'GALIM,294392,Ma‘galim,"Ma'galim,Ma`galim,Ma‘galim,Ma’galim,maʻegaliym,mʻglym,מַעְגָלִים,מעגלים",31.39688,34.5995,P,PPL,IL,NA,01,NA,NA,NA,2059,NA,127,Asia/Jerusalem,2020-11-23T00:00:00Z,Israel,"31.39688, 34.5995",NA,Ma'galim
חצור הגלילית,59.64,55.48,קטן מ-15,NA,3.8,2034,HAZOR HAGELILIT,294809,H̱aẕor HaGelilit,"Hatsor HaGelilit,Hatzor,Hatzor HaGlilit,Hazon,Hazor,Hazor HaGelilit,Hazor HaGlilit,H̱atsor HaGelilit,H̱aẕor,H̱aẕor HaGelilit,H̱aẕor HaGlilit,hzwr hglylyt,חצור הגלילית",32.98049,35.54243,P,PPL,IL,NA,03,NA,NA,NA,9165,NA,382,Asia/Jerusalem,2020-09-17T00:00:00Z,Israel,"32.98049, 35.54243",NA,Hazor HaGelilit
צור משה,53.96,51.97,0,0.0,2,276,ZUR MOSHE,293014,Ẕur Moshe,"Tsur Moshe,Tsur Mosheh,Zur Moshe,zwr msh,צור משה,Ẕur Moshe",32.29819,34.91313,P,PPL,IL,NA,02,NA,NA,NA,2400,NA,65,Asia/Jerusalem,2020-06-10T00:00:00Z,Israel,"32.29819, 34.91313",NA,Zur Moshe
נתיבות,42.48,37.95,קטן מ-15,NA,1.3,246,NETIVOT,294068,Netivot,"Azata,Azzata,Netivot,Netiwot,nei ti wo te,netivoti,ntybwt,ntyfwt,ntywt,ntywwt,Нетивот,Нетівот,נתיבות,نتيفوت,نتیوت,نتیووت,ნეთივოთი,內提沃特",31.42305,34.58911,P,PPL,IL,NA,01,NA,NA,NA,24564,NA,151,Asia/Jerusalem,2017-07-02T00:00:00Z,Israel,"31.42305, 34.58911",NA,Netivot
חריש,38.93,36.30,קטן מ-15,NA,2.2,1247,HARISH,8141842,H̱arish,"Harish,H̱arish,hariys,hrys,חָרִישׁ,חריש",32.46096,35.0435,P,PPL,IL,NA,04,NA,NA,NA,7569,NA,116,Asia/Jerusalem,2020-10-12T00:00:00Z,Israel,"32.46096, 35.0435",NA,Harish
ברקת,36.44,31.83,קטן מ-15,NA,3.1,2038,BAREQET,295565,Bareqet,"Bareket,Bareqet,Kefar Hahotsevim,bareqet,brqt,בַּרֶקֶת,ברקת",32.01839,34.94416,P,PPL,IL,NA,02,NA,NA,NA,2035,NA,74,Asia/Jerusalem,2020-05-02T00:00:00Z,Israel,"32.01839, 34.94416",NA,Bareqet
רבבה,45.20,41.28,0,0.0,2.3,3795,REVAVA,8199422,Revava,"Revava,rbbh,rebabah,רְבָבָה,רבבה",32.11926,35.12896,P,PPL,IL,IL,NA,NA,NA,NA,1262,420,455,Asia/Jerusalem,2020-05-01T00:00:00Z,Israel,"32.11926, 35.12896",NA,Revava
שדרות,54.06,50.19,קטן מ-15,NA,1.6,1031,SEDEROT,293619,Sederot,"Sderot,Sdérot,Sederot,Shederot,sdrwt,Şderot,Сдерот,שדרות",31.525,34.59693,P,PPL,IL,NA,01,NA,NA,NA,20228,NA,90,Asia/Jerusalem,2017-07-05T00:00:00Z,Israel,"31.525, 34.59693",NA,Sederot
ירושלים,45.31,39.97,467,4.9,1.6,3000,JERUSALEM,281184,Jerusalem,"Adonai-jireh,Aelia Capitolina,Al Quds,Al-Kuds,Al-Qudis,Al-Quds,Al-Qudıs,Ariel,Baitul Maqdis,Baitulmuqaddis,Bajtul Makudis,Bayt al-Maqdis,Bayt al-Muqaddas,Cherusalem,Colonia Aelia Capitolina,Djeruzalem,El Kuds,El Quds esh Sherif,Erusagem,Erusalim,Geruesalem,Gerusalem,Gerusalemme,Gerüsalem,Gierusalemme,Girusalemmi,Herusale,Herusalem,Herusalẽ,Hierosolyma,Hierousalem,Hierousalēm,Hierusalem,Hiruharama,IJerusalem,Ia-lo-sak-leng,Ia-lo-sat-leng,Iarusaileim,Iarúsailéim,Iebous,Iebus,Ierosolyma,Ierousalem,Ierousalimu,Ierusalem,Ierusalema,Ierusalim,Ir David,Ir Ha-Qdoosha,Ir Ha-Qodesh,Iyerusalim,Ià-lô-sák-lēng,Iâ-lō͘-sat-léng,Iýerusalim,JRS,Jarusalen,Jeriwsalem,Jerozale,Jerozalė,Jerozolema,Jerozolima,Jerozolëma,Jerusalem,Jerusalemi,Jerusalemo,Jerusalemu,Jerusalen,Jerusalim,Jerusalèm,Jerusalém,Jerusalén,Jeruusalemm,Jeruzale,Jeruzalem,Jeruzaleme,Jeruzalim,Jeruzalém,Jeruzalė,Jeruzsalem,Jeruzsálem,Jerúsalem,Jerúsálẹ́mù,Jorsala,Jorsalaborg,Jorsalir,Jérusalem,Jórsalaborg,Jórsalir,Kouds,Kudues,Kudus,Kudüs,Kuuds-GӀala,Moria,Morias,Orcalim,Orselim,Orşelîm,Quddus,Qudus,Queds,Qüds,Salem,Shalem,Sion,Solyma,Ursalimmu,Urselim,Urshalim,Urusalim,Urušalim,Urşelim,Uršalimmu,Xerusalen,Xerusalén,Ya-lu-sat-lang,Yerusalem,Yerusalemi,Yerusalemu,Yerusalémi,Yerushalayim,Yirushalayim,Yirushalāyim,Yâ-lu-sat-lâng,Yérusalem,Zion,al-Balat,al-Quds as-Sarif,al-Quds aš-Šarīf,albla,alqds,alqds alshryf,alquds,aryyyl,auwrshalym,awly alqbltyn,awrsalm,awrshlym,awrshlym alqds,awrslyman,bayt‌almuqdas,byt almqds,erucalem,erusaremu,haqodes,ierusalimi,jerusalama,jerusalem,jerusalema,jeruselama,lqds,mdynt alqds,mrya,mworiyah,mwryh,quds,qudus,qۇds,salem,salym,shywn,slm,wrshlym,yarusalama,ybws,ye lu sa leng,ye ru sa lem,yebws,yelusallem,yerwsalami,yerwsalayim,yerwselem,yrwshlm,yrwslm,yrwslym,ywrshەlym,ziywon,zywn,Αριηλ,Ιεβους,Ιεροσολυμα,Ιεροσόλυμα,Ιερουσαλήμ,Ιερουσαλημ,Μωριας,Σαλημ,Σιων,Σολυμα,Єрусалим,Іерусалім,Їєроусалимъ,Јерусалим,Байтул Макъдис,Ерусалим,Иерусалим,Йерусалим,Кудус,Къудс-ГӀала,Уршалим,Երուսաղեմ,אֵילִיָּה קַפִּיטוֹלִינָה,הַקֹּדֶשׁ,יְבוּס,יְרוּשְׁלֶם,יְרוּשָׁלַיִם,יְרוּשָׁלַםִ,יְרוּשָׁלָםִ,יבוס,ירושלים,ירושלם,מוֹרִיָּה,מוריה,צִיּוֹן,ציון,שָׁלֵם,שלם,أورسالم,أورشليم,أورشليم القدس,أولى القبلتين,أُورشَليم,إيلياء,ئورشەلیم,اريئيل,البلا,القدس,القدس الشريف,القُدس,القُدْس,اورسلیمان,اورشلیم,بيت المقدس,بَیْت‌المُقدَّس,بیت المقدس,ساليم,صهيون,قُدس,قۇدس,لقدس,مدينة القدس,مريّا,ورشليم,يبوس,یروشلم,ܐܘܪܫܠܡ,ܨܗܝܘܢ,ޤުދުސް,जेरुसलेम,जेरुसेलम,जेरूसलम,यरुशलम,জেরুসালেম,ਜੇਰੂਸਲਮ,ଜେରୁସାଲେମ,எருசலேம்,జెరూసలేం,ಜೆರುಸಲೆಂ,ജെറുസലേം,เยรูซาเลม,ເຢ​ຣູ​ຊາ​ເລັມ,ཇེ་རུ་ས་ལེམ།,ဂျေရုဆလင်မြို့,იერუსალიმი,እየሩሳሌም,エルサレム,耶路撒冷,예루살렘,𐌹𐌰𐌹𐍂𐌿𐍃𐌰𐌿𐌻𐍅𐌼𐌰",31.76904,35.21633,P,PPLA,IL,NA,06,NA,NA,NA,801000,NA,786,Asia/Jerusalem,2019-09-05T00:00:00Z,Israel,"31.76904, 35.21633",NA,Jerusalem
בית דגן,60.61,57.60,קטן מ-15,NA,2.2,466,BET DAGAN,295475,Bet Dagan,"Bayt Dajan,Beit Dagon,Beit Dajan,Bet Dagan,bt dgn,byt dgn,בית דגן,בת דגן",32.00191,34.82977,P,PPL,IL,NA,02,NA,NA,NA,7099,NA,36,Asia/Jerusalem,2017-07-02T00:00:00Z,Israel,"32.00191, 34.82977",NA,Bet Dagan
ראש פינה,60.53,58.06,קטן מ-15,NA,2.5,26,ROSH PINNA,293688,Rosh Pinna,"El Ja`une,El Jā‘ūne,Ja`una,Ja`unah,Ja‘unah,Jā‘ūna,RPN,Rosh Pinah,Rosh Pinna,Rosh Pinnah,ראש פינה,ראש פנה",32.96894,35.54258,P,PPL,IL,NA,03,NA,NA,NA,2492,NA,391,Asia/Jerusalem,2013-05-18T00:00:00Z,Israel,"32.96894, 35.54258",NA,Rosh Pinna
מצפה יריחו,40.97,38.32,0,0.0,2,3576,MIZPE YERIHO,282727,Miẕpé Yeriẖo,"Mitzpe Yeriho,Mitzpeh Yericho,mizepeh yeriyhwo,mzph yryhw,מִצְפֵּה יְרִיחוֹ,מצפה יריחו",31.81672,35.39405,P,STLMT,IL,NA,06,NA,NA,NA,2453,NA,173,Asia/Jerusalem,2020-04-27T00:00:00Z,Israel,"31.81672, 35.39405",NA,Mizpe Yeriho
דימונה,69.40,64.62,קטן מ-15,NA,1.6,2200,DIMONA,295328,Dimona,"Dimona,Dimóna,Domona,di mo na,dimona,dymwna,dymwnh,Димона,Дімона,דימונה,ديمونا,دیمونا,دیمونہ,დიმონა,ディモナ,迪莫納,디모나",31.07079,35.03269,P,PPL,IL,NA,01,NA,NA,NA,33558,NA,551,Asia/Jerusalem,2017-07-05T00:00:00Z,Israel,"31.07079, 35.03269",NA,Dimona
סולם,63.41,57.14,0,0.0,2.7,526,SULAM,293449,Sūlam,"Shunem,Sulam,Sūlam,swlm,swnm,סולם,שונם,سولم",32.60606,35.33408,P,PPL,IL,NA,03,NA,NA,NA,2426,NA,120,Asia/Jerusalem,2020-06-10T00:00:00Z,Israel,"32.60606, 35.33408",NA,Sulam
סח'נין,56.27,50.12,קטן מ-15,NA,2.5,7500,SAKHNIN,293655,Sakhnīn,"Sahrin,Sakhnin,Sakhnīn,Saknin,Saknīn,Sikhnin,sahe'niyn,sh'nyn,sikeniyn,skhnyn,skhnyn‎,sknyn,Сахнин,סִכְנִין,סַחְ'נִין,סח’נין,סכנין,سخنين,سخنين‎,سخنین",32.86422,35.29707,P,PPL,IL,NA,03,NA,NA,NA,24596,NA,236,Asia/Jerusalem,2020-06-10T00:00:00Z,Israel,"32.86422, 35.29707",NA,Sakhnin
אלעזר,59.68,57.23,קטן מ-15,NA,5.4,3618,EL'AZAR,283989,El‘azar,"Elazar,ʼlʻzr,אלעזר",31.65977,35.14316,P,STLMT,IL,NA,06,NA,NA,NA,2510,NA,899,Asia/Jerusalem,2020-04-21T00:00:00Z,Israel,"31.65977, 35.14316",NA,El'azar
